doc_id,topic,secondary_topics,indexed_title,document_type,url,language_hint,pub_date_hint,pub_date_hint_source,organization_hint
MOSPI-DOC-001,survey_design,sampling,"A-1 Note on Sample Design and Estimation Procedure: NSS 76th Round",methodology_note,https://mospi.gov.in/sites/default/files/NSS7612dws/Estimation%20Procedure_NSS%2076.pdf,English,NSS 76th Round,title,MoSPI / NSO
MOSPI-DOC-002,survey_design,sampling,"Instructions to Field Staff (HCES) Vol I",instruction_manual,https://www.mospi.gov.in/sites/default/files/publication_reports/Final_Vol_I-HCES.pdf,English,UNKNOWN,none,MoSPI / NSO
MOSPI-DOC-003,survey_design,agricultural_statistics,"Chapter Three Schedule 33.1 Instructions to Field Staff, Vol-1, NSS 77th Round",instruction_manual,https://mospi.gov.in/sites/default/files/publication_reports/ins.0.0%2C77%2CCh3.pdf,English,NSS 77th Round,title,MoSPI / NSO
MOSPI-DOC-004,national_accounts,official_methodology,"National Accounts Statistics: Sources and Methods (2012)",methodology_manual,https://www.mospi.gov.in/sites/default/files/publication_reports/sources_method_2012%20(1).pdf,English,2012,filename,MoSPI / NSO
MOSPI-DOC-005,national_accounts,official_methodology,"National Accounts Statistics: Manual on Estimation of State and District Income",methodology_manual,https://www.mospi.gov.in/sites/default/files/publication_reports/national_accounta.pdf,English,UNKNOWN,none,MoSPI / NSO
MOSPI-DOC-006,national_accounts,definitions,"FAQ on GDP (26 Feb 2026)",faq_definitions,https://www.mospi.gov.in/uploads/announcements/announcements_1772117257791_84ae898f-7be2-4b7d-a135-565e1a809513_FAQ_GDP_26022026_1902.pdf,English,2026-02-26,filename,MoSPI / NSO
MOSPI-DOC-007,national_accounts,metadata,"National Accounts - Compliance of Metadata (concept / details)",metadata_sheet,https://www.mospi.gov.in/sites/default/files/Compliance_of_Metadata_of_National_AccountUpdated.pdf,English,UNKNOWN,none,MoSPI / NSO
MOSPI-DOC-008,price_statistics,definitions,"Frequently Asked Questions (FAQs) on CPI 2024 Series",faq_definitions,https://www.mospi.gov.in/uploads/documents/documents/1770891066052-Annexure_V.pdf,English,UNKNOWN,none,MoSPI / NSO
MOSPI-DOC-009,price_statistics,official_methodology,"Consumer Price Index: Changes in the Revised Series (Base Year 2012 = 100)",methodology_note,https://www.cpi.mospi.gov.in/PDFile/CPI-Changes_in_the_Revised_Series.pdf,English,UNKNOWN,none,MoSPI / NSO
MOSPI-DOC-010,price_statistics,official_methodology,"CSO-MCPI-2010 Manual on Consumer Price Index 2010",methodology_manual,https://mospi.gov.in/sites/default/files/publication_reports/manual_cpi_2010.pdf,English,2010,title,MoSPI / CSO
MOSPI-DOC-011,price_statistics,official_methodology,"Report of the Committee on Price Statistics",committee_report,https://mospi.gov.in/sites/default/files/committee_reports/Final_Report_of_the_Committee_on_Prices.pdf,English,UNKNOWN,none,MoSPI
MOSPI-DOC-012,price_statistics,official_methodology,"Expert Group Report on Comprehensive Updation of CPI",committee_report,https://www.mospi.gov.in/uploads/Marquee/doc-0aee0026-bf32-4213-ae4f-c5308088444e.pdf,English,UNKNOWN,none,MoSPI / NSO
MOSPI-DOC-013,labour_statistics,official_methodology,"Periodic Labour Force Survey (PLFS) - changes in 2025",methodology_note,https://www.mospi.gov.in/sites/default/files/publication_reports/PLFS_changes_in_2025_Final.pdf,English,2025,filename,MoSPI / NSO
MOSPI-DOC-014,labour_statistics,definitions;sampling,"Periodic Labour Force Survey (PLFS) Annual Report 2021-22",report,https://www.mospi.gov.in/sites/default/files/publication_reports/AnnualReportPLFS2021-22F1.pdf,English,2021-22 (reference period),title,MoSPI / NSO
MOSPI-DOC-015,labour_statistics,metadata,"NMDS 2.0 metadata - PLFS",metadata_sheet,https://mospi.gov.in/sites/default/files/NMDS_2.0_PLFS_final_update.pdf,English,UNKNOWN,none,MoSPI / NSO
MOSPI-DOC-016,labour_statistics,data_quality,"Report of the NSC Committee on Periodic Labour Force Survey",committee_report,https://mospi.gov.in/sites/default/files/committee_reports/NSC_REPORT_PLFS.pdf,English,UNKNOWN,none,National Statistical Commission (MoSPI)
MOSPI-DOC-017,agricultural_statistics,official_methodology,"CSO-M-AG-01 Manual on Area and Crop Production Statistics",methodology_manual,https://www.mospi.gov.in/sites/default/files/publication_reports/manual_area_crop_production_23july08_1.pdf,English,2008-07-23,filename,MoSPI / CSO
MOSPI-DOC-018,agricultural_statistics,survey_design,"Situation Assessment Survey of Agricultural Households (NSS Report 587)",report,https://mospi.gov.in/sites/default/files/publication_reports/Report_587m_0.pdf,English,UNKNOWN,none,MoSPI / NSO
MOSPI-DOC-019,agricultural_statistics,survey_design,"Tabulation Plan, Schedule 33.1, NSS 77th Round",tabulation_plan,https://mospi.gov.in/sites/default/files/NSS7733/TP_%20Sch.33.1%20NSS%2077th%20round_final_26.09.2019.pdf,English,2019-09-26,filename,MoSPI / NSO
MOSPI-DOC-020,industrial_statistics,official_methodology,"Index of Industrial Production with Base 2011-12 - An Overview",methodology_manual,https://www.mospi.gov.in/sites/default/files/publication_reports/IIP_Manual_3apr18N1.pdf,English,2018-04-03,filename,MoSPI / NSO
MOSPI-DOC-021,industrial_statistics,official_methodology,"Report of the Working Group for IIP base revision",committee_report,https://www.mospi.gov.in/sites/default/files/iip/Report_of_WG_on_IIP.pdf,English,UNKNOWN,none,MoSPI
MOSPI-DOC-022,industrial_statistics,metadata,"Updated Material pertaining to Index of Industrial Production (Metadata, Base 2011-12)",metadata_sheet,https://www.mospi.gov.in/sites/default/files/Metadata_IIP%20Base%202011-12%2001.08.17%20(2017).pdf,English,2017-08-01,filename,MoSPI / NSO
MOSPI-DOC-023,industrial_statistics,definitions;sampling,"Instruction Manual - Annual Survey of Industries 2023-24",instruction_manual,https://mospi.gov.in/sites/default/files/publication_reports/ASI/Instruction-Manual-2023-24.pdf,English,2023-24 (survey year),filename,MoSPI / NSO
MOSPI-DOC-024,industrial_statistics,definitions,"Instruction Manual - Annual Survey of Industries 2023-24 (Hindi-titled copy)",instruction_manual,https://www.mospi.gov.in/sites/default/files/asi_results/Instruction-Manual-2023-24.pdf,Hindi,2023-24 (survey year),filename,MoSPI / NSO
MOSPI-DOC-025,industrial_statistics,survey_design,"Know Your Survey - A User Guide to the Annual Survey of Industries",user_guide,https://www.mospi.gov.in/uploads/announcements/announcements_1767350115204_48504eeb-1a56-4a89-8077-3affce921293_document_(49).pdf,English,UNKNOWN,none,MoSPI / NSO
MOSPI-DOC-026,sdg_indicators,metadata,"Sustainable Development Goals National Indicator Framework, 2026 (along with metadata)",indicator_framework,https://www.mospi.gov.in/uploads/publications_reports/publications_reports1782719243840_1f31af3d-72ef-43f0-8038-c029553699f3_SDG_NIF_2026_(along_with_metadata).pdf,English,2026,title,MoSPI / NSO
MOSPI-DOC-027,sdg_indicators,,"Sustainable Development Goals National Indicator Framework Progress Report, 2025",report,https://www.mospi.gov.in/sites/default/files/publication_reports/Sustainable%20Development%20Goals%20National%20Indicator%20Framework%20Progress%20Report,%202025.pdf,English,2025,title,MoSPI / NSO
MOSPI-DOC-028,sdg_indicators,metadata;definitions,"A Sustainable Development Goals National Indicator Framework (Baseline Report)",report,https://mospi.gov.in/sites/default/files/Report2.pdf,English,UNKNOWN,none,MoSPI / NSO
MOSPI-DOC-029,metadata,official_methodology,"National Metadata Structure NMDS 2.0",standard,https://www.mospi.gov.in/sites/default/files/NMDS%202.0_05122024.pdf,English,2024-12-05,filename,MoSPI / NSO
MOSPI-DOC-030,metadata,,"Data Dissemination: National Metadata Structure (NMDS)",standard,https://www.mospi.gov.in/sites/default/files/National_Metadata_Standard_6122023.pdf,English,2023-12-06,filename,MoSPI / NSO
MOSPI-DOC-031,data_quality,official_methodology,"Statistical Quality Assessment Framework (SQAF) Guidelines",framework,https://www.mospi.gov.in/sites/default/files/Statistical-Quality-Assessment-Framework-Guidelines%20.pdf,English,UNKNOWN,none,MoSPI / NSO
MOSPI-DOC-032,official_methodology,data_quality,"Draft Revised National Policy on Official Statistics (NPOS)",policy_draft,https://www.mospi.gov.in/sites/default/files/announcements/Draft_Revised_NPOS.pdf,English,UNKNOWN,none,MoSPI
MOSPI-DOC-033,official_methodology,,"Report of the Sub-Committee on Methodological Improvement for the Base [title truncated in index]",committee_report,https://www.mospi.gov.in/uploads/publications_reports/publications_reports1771417255069_dd7b57a4-51c9-495d-b426-0abfb9ded74f_Final_Report.pdf,English,UNKNOWN,none,MoSPI
